name,brand,RAM,SSD,CPU,price,url
【福利品】Vivobook Go 14  14吋文書筆電黑色(Celeron N4500/4GB/128G eMMC/WIN11S/E410KA-0918KN4500),ASUS,4GB,128GB,Celeron N4500,7499,https://24h.pchome.com.tw/prod/DHAFQJ-A900JNR52
【福利品】Vivobook Go 14  14吋文書筆電藍色(Celeron N4500/4GB/128G eMMC/WIN11S/E410KA-0901BN4500),ASUS,4GB,128GB,Celeron N4500,7499,https://24h.pchome.com.tw/prod/DHAFKP-A900JLRXN
◤福利品◢14吋文書筆電 玫瑰金(Celeron N4500/4GB/128G eMMC/WIN11S/E410KA-0891PN4500),Unknown,4GB,128GB,Celeron N4500,7499,https://24h.pchome.com.tw/prod/DHAFKP-A900JEWYX
Vivobook Go 14  14吋文書筆電黑色(Celeron N4500/4GB/128G eMMC/WIN11S/E410KA-0918KN4500),ASUS,4GB,128GB,Celeron N4500,7999,https://24h.pchome.com.tw/prod/DHAFQJ-1900JBRUL
Vivobook Go 14  14吋文書筆電藍色(Celeron N4500/4GB/128G eMMC/WIN11S/E410KA-0901BN4500),ASUS,4GB,128GB,Celeron N4500,7999,https://24h.pchome.com.tw/prod/DHAFQJ-1900JHX1O
Aspire Lite 14吋 文書效能筆電銀(N150/4G/128G/WIN11home/AL14-34P-C4V5),Acer,4GB,128GB,N150,8999,https://24h.pchome.com.tw/prod/DHAEJQ-A900J4U2P
Aspire Lite AL14-34P-C4V5 14吋 文書筆電 銀(N150/4G/128G SSD/W11),Acer,4GB,128GB,N150,8999,https://24h.pchome.com.tw/prod/DHABH3-A900J4T9D
【福利品】Microsoft Surface Laptop2 13.5吋 (i5/8G/256G) 觸控筆電,Microsoft,8GB,256GB,i5,9080,https://24h.pchome.com.tw/prod/DHAY15-A900HOACX
Surface Laptop2 13.5吋 (i5/8G/256G)觸控筆電,Microsoft,8GB,256GB,i5,9380,https://24h.pchome.com.tw/prod/DHAY15-A900GPE4M
Aspire Lite 15.6吋文書效能筆電(Celeron N4500/8G/128G/W11/AL15-32P-C73T),Acer,8GB,128GB,C73T,9388,https://24h.pchome.com.tw/prod/DHAEHH-A900JTNID
Vivobook Go 15 15.6吋文書筆電黑色(Celeron N4500/8GB/128G eMMC/WIN11S/E510KA-0318KN4500),ASUS,8GB,128GB,Celeron N4500,9999,https://24h.pchome.com.tw/prod/DHAFPX-A900JXC67
【福利品】Microsoft Surface Laptop2 13.5吋 (i7/8G/256G) WiFi 觸控筆電,Microsoft,8GB,256GB,i7,10480,https://24h.pchome.com.tw/prod/DHAY15-A900ITE2R
Aspire Lite 15.6吋文書效能筆電(Celeron N4500/8G/256G/W11/AL15-32P-C0AW),Acer,8GB,256GB,Celeron N4500,10488,https://24h.pchome.com.tw/prod/DHAEHH-A900JTMZ1
(商) 250RT G9 N150 15.6吋 商務筆電黑色(8G/256G SSD/FreeDOS),HP,8GB,256GB,N150,10900,https://24h.pchome.com.tw/prod/DHAG7O-1900JJ48G
【M365組】ACER Aspire Lite 14吋 文書效能筆電銀(N150/4G/128G/W11home/AL14-34P-C4V6),Acer,4GB,128GB,N150,10999,https://24h.pchome.com.tw/prod/DHAEJ3-1900JFQE9
Vivobook 15 15.6吋文書筆電黑色(N4500/8GB/512GB/WIN11/X1500KA-0431KN4500),ASUS,8GB,512GB,N4500,12111,https://24h.pchome.com.tw/prod/DHAFQK-A900JXC97
Vivobook Go 14 E410KA (Celeron N4500/4G/256G SSD/Win11/FHD/14)特仕筆電,ASUS,4GB,256GB,Celeron N4500,12200,https://24h.pchome.com.tw/prod/DHAB9G-A900JFWGP
Aspire Lite 14吋文書筆電 粉(N150/8G/256G/W11/AL14-32P-C4QB),Acer,8GB,256GB,N150,12490,https://24h.pchome.com.tw/prod/DHAEJ3-A900J1ISI
福利品_Elitebook 840 G7 Laptop 14吋/i5-10310U/DDR4 16G/256GB SSD(商務筆電),HP,16GB,256GB,i5-10310U,12750,https://24h.pchome.com.tw/prod/DHAG7I-A900JITBP
VivoBook Go E410KA 藍 (N4500/4G/500G SSD/Win11 S/FHD/14吋)特仕筆電,ASUS,4GB,500GB,N4500,12900,https://24h.pchome.com.tw/prod/DHAB9G-A900GILWN
VivoBook Go 14 E410KA 文書筆電 (Celeron N4500/4G/500G SSD/Win11 S/FHD/14)特仕,ASUS,4GB,500GB,Celeron N4500,12900,https://24h.pchome.com.tw/prod/DHAB9G-A900HZT1N
Vivobook Go 14 E410KA 藍(Celeron N4500/4G/500G SSD/Win11/FHD/14)特仕筆電,ASUS,4GB,500GB,Celeron N4500,12900,https://24h.pchome.com.tw/prod/DHABAZ-A900HG5EK
Vivobook Go 14 E410KA (Celeron N4500/4G/512G SSD/Win11/FHD/14)特仕筆電,ASUS,4GB,512GB,Celeron N4500,12900,https://24h.pchome.com.tw/prod/DHAB9G-A900JFWIH
【福利品】Microsoft Surface Laptop3 13.5吋 (i5/8G/256G) WiFi版 輕薄觸控筆電,Microsoft,8GB,256GB,i5,13290,https://24h.pchome.com.tw/prod/DHAM97-A900JS7V3
【福利品】Microsoft Surface Laptop4 13.5吋 (i5/8G/256G) WiFi版 輕薄觸控筆電,Microsoft,8GB,256GB,i5,13380,https://24h.pchome.com.tw/prod/DHAM97-A900JUYBM
Aspire Lite 15.6吋文書筆電(C3-N350/8G/512G/W11/AL15-36P-38B1),Acer,8GB,512GB,N350,13490,https://24h.pchome.com.tw/prod/DHAEJA-A900JIGHC
Aspire Lite 15.6吋 文書效能筆電(R3-5400U/8G/512G/W11/AL15-46P-R706),Acer,8GB,512GB,R3-5400U,13900,https://24h.pchome.com.tw/prod/DHAEJA-A900JTNFW
Aspire Lite 15.3吋文書筆電(C3-N355/8G/512G/W11/AL15-34P-33P1),Acer,8GB,512GB,N355,13900,https://24h.pchome.com.tw/prod/DHAEJA-A900JG54P
超品系列 15.6吋 文書效能筆電白色(R3-7320U/8GB/512GB/WIN11/15-fc0450AU),HP,8GB,512GB,R3-7320U,13999,https://24h.pchome.com.tw/prod/DHAG4S-1900J3MKD
Vivobook Go 14 14吋文書筆電黑色(N150/8GB/128G UFS/WIN11/E1404TA-0031KN150),ASUS,8GB,128GB,N150,13999,https://24h.pchome.com.tw/prod/DHAFQJ-A900K48ZK
【福利品】Microsoft Surface Laptop3 15吋 (i7/16G/512G) 輕薄觸控筆電,Microsoft,16GB,512GB,i7,14980,https://24h.pchome.com.tw/prod/DHAY15-A900J1DBW
IdeaPad Slim 3 15AMN8 15.6吋效能筆電 藍色(R3-7320U/8GB/512G/WIN11/82XQ00J8TW),Lenovo,8GB,512GB,R3-7320U,14990,https://24h.pchome.com.tw/prod/DHBF89-1900JXNOW
IdeaPad Slim 3 15AMN8 15.6吋文書效能筆電灰色(R3-7320U/8GB/512G/WIN11/82XQ00J9TW),Lenovo,8GB,512GB,R3-7320U,14990,https://24h.pchome.com.tw/prod/DHBF89-1900JXNP8
【福利品】Microsoft Surface Laptop3 13.5吋 (i7/16G/512G) 輕薄觸控筆電,Microsoft,16GB,512GB,i7,15280,https://24h.pchome.com.tw/prod/DHAY15-A900IO2LC
AL14-42P-R65J 14吋 R3 輕薄文書筆電,Acer,Unknown,Unknown,Unknown,15900,https://24h.pchome.com.tw/prod/DHABEB-A900K4N6A
Vivobook Go 15 E510KA-0318KN4500 文書筆電(Celeron N4500/8G/512G/W11S/15.6)特仕,ASUS,8GB,512GB,Celeron N4500,15900,https://24h.pchome.com.tw/prod/DHABAZ-A900JTFDE
AL15-46P-R706 15.6吋 R3 輕薄筆電 銀色,Acer,Unknown,Unknown,R706,15900,https://24h.pchome.com.tw/prod/DHABEB-A900JXEBE
Swift Lite 16吋文書筆電 銀色(N150/8G/256G/W11/WUXGA/SFL16-31P-C6VL),Acer,8GB,256GB,N150,15900,https://24h.pchome.com.tw/prod/DHAEIS-A900IU6RA
Vivobook 15 15.6吋 效能筆電藍色(i3-1315U/8GB/512GB/WIN11/X1504VA-0371B1315U),ASUS,8GB,512GB,i3-1315U,15999,https://24h.pchome.com.tw/prod/DHAFPT-1900IAQH5
超品系列 14吋 文書效能筆電銀色(i3-1315U/16GB/512GB/WIN11/14-ep0144TU),HP,16GB,512GB,i3-1315U,15999,https://24h.pchome.com.tw/prod/DHAG4T-1900JGNLO
X1504VA-0371B1315U 15.6吋 i3 筆電 午夜藍,ASUS,Unknown,Unknown,i3,15999,https://24h.pchome.com.tw/prod/DHABEB-A900IALVF
Aspire AL14-52M-5461 金(C5-120U/8G/512G SSD/W11/WUXGA/14)輕薄筆電,Acer,8GB,512GB,C5-120U,16690,https://24h.pchome.com.tw/prod/DHABA6-A900J5K60
Aspire AL14-52M-55K2 銀(C5-120U/8G/512G SSD/W11/WUXGA/14)輕薄筆電,Acer,8GB,512GB,C5-120U,16690,https://24h.pchome.com.tw/prod/DHABA6-A900J5K6L
Aspire Lite 14吋 文書效能筆電銀(C5-120U/8GB/512GB/W11/AL14-52M-55K2),Acer,8GB,512GB,C5-120U,16690,https://24h.pchome.com.tw/prod/DHAEJ3-A900J4UCC
AL14-45P-R7UC 14吋 R3文書筆電 粉色,Acer,Unknown,Unknown,Unknown,16900,https://24h.pchome.com.tw/prod/DHABEB-A900JRIV6
Aspire Lite 15 AL15-63P-R2KS 15.6吋 文書筆電 銀(R5-7640HS/8G/512G SSD/W11),Acer,8GB,512GB,R5-7640HS,16900,https://24h.pchome.com.tw/prod/DHABGA-A900IU56V
255R G10 15.6吋 R3 商務筆電,Unknown,Unknown,Unknown,Unknown,16900,https://24h.pchome.com.tw/prod/DHABEB-A900JV0CY
Aspire Lite 14吋 文書筆電(R3-5400U/8G/512G/WIN11/AL14-45P-R7UC),Acer,8GB,512GB,R3-5400U,16900,https://24h.pchome.com.tw/prod/DHAEJ3-A900JOV39
Aspire Lite 15.6吋效能筆電 銀色(R5-7640HS/8G/512G/Win11/AL15-63P-R2KS),Acer,8GB,512GB,R5-7640HS,16900,https://24h.pchome.com.tw/prod/DHAEJA-A900IHXF4
Aspire Lite 15.6吋效能筆電 銀(R5-7430U/8G/512G/W11/AL15-42P-R22F),Acer,8GB,512GB,R5-7430U,16900,https://24h.pchome.com.tw/prod/DHAEJ3-A900J27TR
【福利品】Surface Laptop4 13.5吋 (i5/8G/512G) 輕薄觸控筆電,Microsoft,8GB,512GB,i5,16980,https://24h.pchome.com.tw/prod/DHAM97-A900JUYCF
超品系列 15.6吋 輕薄文書筆電白色(R5-7520U/16GB/512GB/WIN11/15-fc0766AU),HP,16GB,512GB,R5-7520U,16999,https://24h.pchome.com.tw/prod/DHAGFP-1900K0RVY
【福利品】Aspire Lite 16吋 AI文書效能筆電(Ultra 5 115U/16G/512G/W11/AL16-53P-57B8),Acer,16GB,512GB,Ultra 5 115U,17900,https://24h.pchome.com.tw/prod/DHAEJ3-A900JJBNB
VivoBook Go E410KA 藍 (N4500/4G/1TB SSD/Win11 S/FHD/14吋)特仕筆電,ASUS,4GB,1024GB,N4500,17900,https://24h.pchome.com.tw/prod/DHAB9G-A900GILWR
Aspire Lite 17.3吋文書筆電 銀色(C3-N355/8G/512G/W11/AL17-31P-363V),Acer,8GB,512GB,N355,17900,https://24h.pchome.com.tw/prod/DHAEJA-A900IU6JY
VivoBook Go 14 E410KA 文書筆電 (Celeron N4500/4G/1TB SSD/Win11 S/FHD/14)特仕,ASUS,4GB,1024GB,Celeron N4500,17900,https://24h.pchome.com.tw/prod/DHAB9G-A900HZSMT
Vivobook Go 14 E410KA 藍(Celeron N4500/4G/1TB SSD/Win11/FHD/14)特仕筆電,ASUS,4GB,1024GB,Celeron N4500,17900,https://24h.pchome.com.tw/prod/DHABAZ-A900HG5FB
Vivobook 14 14吋效能筆電白色(Intel Core 5 120U/8GB/512GB/WIN11/X1404VA-0181W120U),ASUS,8GB,512GB,Core 5 120U,17999,https://24h.pchome.com.tw/prod/DHAFS4-A900JXK0D
Vivobook 15 15.6吋文書筆電藍色(Intel Core 3 100U/8GB/512GB/WIN11/X1504VA-0611B100U),ASUS,8GB,512GB,Core 3 100U,17999,https://24h.pchome.com.tw/prod/DHAFPQ-A900JUH2V
Vivobook 14 14吋效能筆電藍色(Intel Core 5 120U/8GB/512GB/WIN11/X1404VA-0111B120U),ASUS,8GB,512GB,Core 5 120U,17999,https://24h.pchome.com.tw/prod/DHAFS4-A900JXJZS
X1504VA-0611B100U 15.6吋 C3 筆電 午夜藍,ASUS,Unknown,Unknown,Unknown,17999,https://24h.pchome.com.tw/prod/DHABEB-A900JTM4W
Vivobook Go 15 15.6吋文書筆電黑色(Ryzen 5 40/16GB/512GB SSD/WIN11/E1504FA-0221K040),ASUS,16GB,512GB,Ryzen 5 40,17999,https://24h.pchome.com.tw/prod/DHAFPX-1900K0FVO
15.6吋商用筆電銀色(R3-7335U/8GB/512GB/WIN11HOME/255R G10),Unknown,8GB,512GB,R3-7335U,18900,https://24h.pchome.com.tw/prod/DHAGBN-A900K2SDA
IdeaPad Slim 3i 15IRU8 15.6吋筆電灰色(i3-1315U/8GB/512GB/WIN11/82X700L9TW),Lenovo,8GB,512GB,i3-1315U,18990,https://24h.pchome.com.tw/prod/DHBF89-1900JUOQP
IdeaPad Slim 3 15IRU8 15.6吋文書效能筆電藍色(i3-1315U/8GB/512G/WIN11/82X700LATW),Lenovo,8GB,512GB,i3-1315U,18990,https://24h.pchome.com.tw/prod/DHBF89-1900K1910
Vivobook 15 15.6吋 輕薄效能筆電 金色(Intel Core 5 120U/8GB/512GB/WIN11/X1504VA-0291C120U),ASUS,8GB,512GB,Core 5 120U,18999,https://24h.pchome.com.tw/prod/DHAFPQ-A900JT9BB
VivoBook 15 X1504VA-0421C1334U 文書筆電 (i5-1334U/8G/512G SSD/W11/15.6),ASUS,8GB,512GB,i5-1334U,19199,https://24h.pchome.com.tw/prod/DHABB0-A900IIHPW
Vivobook 15 X1500KA-0441KN6000 黑 (N6000/16G/512G SSD/W11/FHD/15.6)特仕筆電,ASUS,16GB,512GB,N6000,19900,https://24h.pchome.com.tw/prod/DHABB0-A900H2G87
Aspire Lite 16吋 AI效能筆電(Ultra5 115U/16G/512G/W11/AL16-53P-53WA),Acer,16GB,512GB,Ultra5 115U,19900,https://24h.pchome.com.tw/prod/DHAEIL-A900JOV8W
Aspire Lite 16吋Ultra 5 AI 輕薄長效筆電  (Ultra 5 115U/16G/512G/WIN11/AL16-53P-57B8),Acer,16GB,512GB,Ultra 5 115U,19900,https://24h.pchome.com.tw/prod/DHAEIL-A900I9GSD
Aspire Lite 15.6吋效能筆電 銀(Ultra5 115U/16G/512G/W11/AL15-54P-576Z),Acer,16GB,512GB,Ultra5 115U,19900,https://24h.pchome.com.tw/prod/DHAEJ0-A900JA37N
Aspire Lite 15.6吋效能筆電(C5-120U/16G/512G/W11/AL15-53P-58UB),Acer,16GB,512GB,C5-120U,19900,https://24h.pchome.com.tw/prod/DHAEJ3-A900JXJ9O
IdeaPad SLIM 3i 83K100PQTW 15.3吋 文書筆電 藍(i5-13420H/8G/512G SSD/W11),Lenovo,8GB,512GB,i5-13420H,19990,https://24h.pchome.com.tw/prod/DHABBP-A900JTLCD
IdeaPad Slim 3 83K100PQTW 宇宙藍(i5-13420H/8G/512G SSD/15.3吋WUXGA/W11)效能筆電,Lenovo,8GB,512GB,i5-13420H,19990,https://24h.pchome.com.tw/prod/DHABBP-A900J9HBZ
IdeaPad Slim 3 83K100PNTW 月光灰(i5-13420H/8G/512G SSD/15.3吋WUXGA/W11)效能筆電,Lenovo,8GB,512GB,i5-13420H,19990,https://24h.pchome.com.tw/prod/DHABBP-A900J9GV0
Vivobook 15 X1504VA-0591C120U 蜜誘金(Core 5 120U/8G/512G SSD/15.6吋FHD/W11)效能筆電,ASUS,8GB,512GB,Core 5 120U,19999,https://24h.pchome.com.tw/prod/DHABB0-A900K48P2
Vivobook 15 15.6吋文書筆電藍色(Intel Core 5 120U/8GB/512GB/WIN11/X1504VA-0581B120U),ASUS,8GB,512GB,Core 5 120U,19999,https://24h.pchome.com.tw/prod/DHAFPQ-A900K13UP
Vivobook 15 15.6吋文書筆電粉色(Intel Core 5 120U/8GB/512GB/WIN11/X1504VA-0591C120U),ASUS,8GB,512GB,Core 5 120U,19999,https://24h.pchome.com.tw/prod/DHAFPQ-A900K13V0
超品系列 15.6吋 文書效能筆電銀色(R7-7730U/16GB/512GB/WIN11/15-fc0705AU),HP,16GB,512GB,R7-7730U,19999,https://24h.pchome.com.tw/prod/DHAG4S-1900J7RH2
Aspire Lite 15 AL15-63P-R2KS 15.6吋 文書筆電 銀(R5-7640HS/8G+16G/512G SSD/W11)特仕,Acer,24GB,512GB,R5-7640HS,20590,https://24h.pchome.com.tw/prod/DHABGA-A900IU57T
AL16-62P-R1N9 16吋 R5 輕薄筆電 銀色,Acer,Unknown,Unknown,Unknown,20618,https://24h.pchome.com.tw/prod/DHABEB-A900JX7XF
【福利品】Surface Laptop4 15吋 (i7/8G/512G) WiFi版 輕薄觸控筆電,Microsoft,8GB,512GB,i7,20800,https://24h.pchome.com.tw/prod/DHAM97-A900JY0NH
Vivobook 15 X1500KA-0441KN6000 黑 (N6000/8G/512G+1TB SSD/W11/FHD/15.6)特仕筆電,ASUS,8GB,1024GB,N6000,20900,https://24h.pchome.com.tw/prod/DHABB0-A900H2FK0
Vivobook 15 X1500KA-0391KN6000 黑 (N6000/8G/512G+1TB SSD/W11/FHD/15.6)特仕筆電,ASUS,8GB,1024GB,N6000,20900,https://24h.pchome.com.tw/prod/DHABB0-A900GY0BX
Aspire Lite 15.6吋效能筆電 銀(R7-7730U/8G/512G/W11/AL15-42P-R8FW),Acer,8GB,512GB,R7-7730U,20900,https://24h.pchome.com.tw/prod/DHAEJ0-A900JA34O
Vivobook 15 X1500KA-0391KN6000 黑 (N6000/16G/512G SSD/W11/FHD/15.6)特仕筆電,ASUS,16GB,512GB,N6000,20900,https://24h.pchome.com.tw/prod/DHABB0-A900GY156
Aspire Lite 15.6吋 文書筆電(R5-7430U/8G+8G/512G/W11/AL15-49P-R4FJ),Acer,16GB,512GB,R5-7430U,20900,https://24h.pchome.com.tw/prod/DHAEJ3-A900JZRIY
Aspire Lite AL15-49P-R4FJ 15.6吋 輕薄筆電 銀(R5-7430U/8G+8G/512G SSD/W11),Acer,16GB,512GB,R5-7430U,20900,https://24h.pchome.com.tw/prod/DHABHS-A900K2VI2
Vivobook 14 14吋效能筆電白色(Intel Core 5 120U/8GB/512GB/WIN11/X1404VA-0421W120U),ASUS,8GB,512GB,Core 5 120U,20999,https://24h.pchome.com.tw/prod/DHAFPP-A900K4EWM
X1502VA-0181B13420H 15.6吋 i5 筆電 午夜藍【福利良品】,ASUS,Unknown,Unknown,i5,20999,https://24h.pchome.com.tw/prod/DHABEB-A900IYVCF
X1502VA-0191C13420H 15.6吋 i5 筆電 蜜誘金,ASUS,Unknown,Unknown,i5,20999,https://24h.pchome.com.tw/prod/DHABEB-A900J0T9X
Vivobook 15 X1502VA-0181B13420H 午夜藍(i5-13420H/8G/512G SSD/15.6吋FHD/W11)效能筆電,ASUS,8GB,512GB,i5-13420H,20999,https://24h.pchome.com.tw/prod/DHABB0-A900IAMLA
Vivobook 15 X1502VA-0191C13420H 蜜誘金(i5-13420H/8G/512G/15.6吋FHD/W11)效能筆電,ASUS,8GB,512GB,i5-13420H,20999,https://24h.pchome.com.tw/prod/DHABB0-A900IGY9I
Vivobook 15 X1502VA-0181B13420H 藍 (i5-13420H/8G/512G SSD/Win11/15.6吋) 筆電,ASUS,8GB,512GB,i5-13420H,20999,https://24h.pchome.com.tw/prod/DHABB0-A900IUE8X
Vivobook 14 14吋效能筆電藍色(Intel Core 5 120U/8GB/512GB/WIN11/X1404VA-0381B120U),ASUS,8GB,512GB,Core 5 120U,20999,https://24h.pchome.com.tw/prod/DHAFPP-A900K4EW3
【福利品】Surface Laptop4 13.5吋 (i5/16G/512G) 輕薄觸控筆電,Microsoft,16GB,512GB,i5,21580,https://24h.pchome.com.tw/prod/DHAM97-A900JKZ16
超品系列 14吋 文書筆電銀色(C5-120U/16GB/512GB/WIN11/14-ep1199TU),HP,16GB,512GB,C5-120U,21900,https://24h.pchome.com.tw/prod/DHAG4T-A900JO7RW
超品系列 15.6吋 文書效能筆電白色(i5-1334U/8GB/512GB/WIN11/15-fd0615TU),HP,8GB,512GB,i5-1334U,21900,https://24h.pchome.com.tw/prod/DHAG4S-A900K4YSS
超品系列 15.6吋 文書筆電銀色(C5-120U/16GB/512GB/WIN11/15-fd0860TU),HP,16GB,512GB,C5-120U,21900,https://24h.pchome.com.tw/prod/DHAGCM-A900JO7SA
Aspire Lite AL15-49P-R884 15.6 吋 R7 文書筆電 銀色,Acer,Unknown,Unknown,Unknown,21900,https://24h.pchome.com.tw/prod/DHABEB-A900K1VIZ
超品系列 14-ep1199TU 輕薄文書筆電(Core5-120U/16G/512G/FHD/W11/14吋/一年保/星河銀),HP,16GB,512GB,Unknown,21900,https://24h.pchome.com.tw/prod/DHABCF-A900K47R7
Vivobook 14 X1404VA-0261W1334U 文書筆電 (i5-1334U/8G+4G/512G SSD/W11/FHD/14)特仕,ASUS,12GB,512GB,i5-1334U,21900,https://24h.pchome.com.tw/prod/DHABB2-A900IDT0Z
Vivobook 14 X1404VA-0251B1334U 文書筆電 (i5-1334U/8G+4G/512G SSD/W11/FHD/14)特仕,ASUS,12GB,512GB,i5-1334U,21900,https://24h.pchome.com.tw/prod/DHABB2-A900IDSI6
IdeaPad Slim 3 83K100WETW 宇宙藍(i5-13420H/8G+8G/512G SSD/15.3吋WUXGA/W11)效能筆電,Lenovo,16GB,512GB,i5-13420H,21990,https://24h.pchome.com.tw/prod/DHABBP-A900K2L2Q
IdeaPad Slim 3 83K100WDTW 月光灰(i5-13420H/8G+8G/512G SSD/15.3吋WUXGA/W11)效能筆電,Lenovo,16GB,512GB,i5-13420H,21990,https://24h.pchome.com.tw/prod/DHABBP-A900K2L19
IdeaPad Slim 3 15AMN8 15.6吋效能筆電藍色(Ryzen 5 40/16GB/512GB/WIN11/82XQ01H3TW),Lenovo,16GB,512GB,Ryzen 5 40,21990,https://24h.pchome.com.tw/prod/DHBF89-1900JXBWN
VivoBook 15 X1502VA-0191C13420H 文書筆電 (i5-13420H/8G/512G SSD/W11/15.6),ASUS,8GB,512GB,i5-13420H,21999,https://24h.pchome.com.tw/prod/DHABB0-A900IGQAR
X1605VA-0241K13420H 16吋 i5 輕薄筆電｜搖滾黑,ASUS,Unknown,Unknown,i5,21999,https://24h.pchome.com.tw/prod/DHABEB-A900J0T9O
VivoBook 14 X1405VA-0131K13420H 文書筆電 (i5-13420H/8G/512G SSD/W11/FHD/14),ASUS,8GB,512GB,i5-13420H,21999,https://24h.pchome.com.tw/prod/DHABB2-A900IB1RI
Vivobook 16 X1605VA-0241K13420H 搖滾黑(i5-13420H/8G/512G/16吋WUXGA/W11)效能筆電,ASUS,8GB,512GB,i5-13420H,21999,https://24h.pchome.com.tw/prod/DHABGP-A900IJCR8
Vivobook 16 X1605VA-0241K13420H 搖滾黑(i5-13420H/8G/512G SSD/Win11/16吋) 筆電,ASUS,8GB,512GB,i5-13420H,21999,https://24h.pchome.com.tw/prod/DHABGP-A900IU560
VivoBook 16 X1605VA-0241K13420H 文書筆電 (i5-13420H/8G/512G SSD/W11/16),ASUS,8GB,512GB,i5-13420H,21999,https://24h.pchome.com.tw/prod/DHABGP-A900IIG0T
VivoBook 15 X1504VA-0421C1334U 文書筆電 (i5-1334U/8G+4G/512G SSD/W11/15.6)特仕,ASUS,12GB,512GB,i5-1334U,22100,https://24h.pchome.com.tw/prod/DHABB0-A900IILCU
VivoBook 15 X1504VA-0421C1334U 文書筆電 (i5-1334U/8G+8G/512G SSD/W11/15.6)特仕,ASUS,16GB,512GB,i5-1334U,22199,https://24h.pchome.com.tw/prod/DHABB0-A900IILMT
Vivobook 15 X1504VA-0291C120U 15.6吋文書筆電 金 (core 5 120U/8+8G/512G SSD/W11),ASUS,8GB,512GB,core 5 120U,22199,https://24h.pchome.com.tw/prod/DHABB0-A900HX3GK
【2024家用版】ACER Aspire Lite 17.3吋文書筆電 銀色(C3-N355/8G/512G/W11/AL17-31P-363V),Acer,8GB,512GB,N355,22200,https://24h.pchome.com.tw/prod/DHAEJA-1900JS2LW
Aspire Lite 14吋效能筆電(C7-150U/16G/512G/W11/AL14-54P-79QZ),Acer,16GB,512GB,C7-150U,22490,https://24h.pchome.com.tw/prod/DHAEJA-A900K0JT3
Aspire Lite 15.6吋效能筆電(C7-150U/16G/512G/W11/AL15-53P-706M),Acer,16GB,512GB,C7-150U,22790,https://24h.pchome.com.tw/prod/DHAEJ3-A900K1WRP
VivoBook 15 X1502VA-0191C13420H 文書筆電 (i5-13420H/8G+8G/512G SSD/W11/15.6)特仕,ASUS,16GB,512GB,i5-13420H,22849,https://24h.pchome.com.tw/prod/DHABB0-A900IGQE6
VivoBook 15 X1502VA-0191C13420H 文書筆電 (i5-13420H/8G+4G/512G SSD/W11/15.6)特仕,ASUS,12GB,512GB,i5-13420H,22849,https://24h.pchome.com.tw/prod/DHABB0-A900IGQE0
Vivobook 14 X1404VA-0261W1334U 文書筆電 (i5-1334U/8G+8G/512G SSD/W11/FHD/14)特仕,ASUS,16GB,512GB,i5-1334U,22888,https://24h.pchome.com.tw/prod/DHABB2-A900IC66S
Vivobook 14 X1404VA-0251B1334U 文書筆電 (i5-1334U/8G+8G/512G SSD/W11/FHD/14)特仕,ASUS,16GB,512GB,i5-1334U,22888,https://24h.pchome.com.tw/prod/DHABB2-A900IBQHE
VivoBook Go 14 E410KA 文書筆電 (Celeron N4500/4G/2TB SSD/Win11 S/FHD/14)特仕,ASUS,4GB,2048GB,Celeron N4500,22900,https://24h.pchome.com.tw/prod/DHAB9G-A900HZT1O
Aspire Lite 15 AL15-61P-R5J1 15.6吋 文書筆電 銀(R7-8840HS/8G+8G/512G/W11),Acer,16GB,512GB,R7-8840HS,22900,https://24h.pchome.com.tw/prod/DHABGA-A900IEUJL
Aspire Lite 15.6吋 效能筆電銀色(R7-8840HS/16G/512G/W11/AL15-61P-R5J1),Acer,16GB,512GB,R7-8840HS,22900,https://24h.pchome.com.tw/prod/DHAEJA-A900IC0HY
Vivobook 15 X1500KA-0441KN6000 文書筆電 (N6000/16G/512G+512G SSD/W11/15.6)特仕,ASUS,16GB,512GB,N6000,22900,https://24h.pchome.com.tw/prod/DHABB0-A900IELGN
Vivobook 15 X1500KA-0441KN6000 文書筆電 (N6000/8G/512G+2TB HDD/W11/FHD/15.6)特仕,ASUS,8GB,2048GB,N6000,22900,https://24h.pchome.com.tw/prod/DHABB0-A900HWDB4
Vivobook 15 X1500KA-0441KN6000 文書筆電 (N6000/8G/512G+1TB SSD/W11/FHD/15.6)特仕,ASUS,8GB,1024GB,N6000,22900,https://24h.pchome.com.tw/prod/DHABB0-A900HWDAJ
Vivobook Go 14 E410KA 藍(Celeron N4500/4G/2TB SSD/Win11/FHD/14)特仕筆電,ASUS,4GB,2048GB,Celeron N4500,22900,https://24h.pchome.com.tw/prod/DHABAZ-A900HG5FA
Aspire Lite AL14-44P-R0HC 14.5吋 R5 輕薄筆電｜星曜銀,Acer,Unknown,Unknown,Unknown,22900,https://24h.pchome.com.tw/prod/DHABEB-A900K2P7T
Aspire Lite 15.6吋 效能筆電(Ultra5-125H/8+8G/512G/Win11/AL15-74P-503V),Acer,8GB,512GB,Ultra5-125H,22900,https://24h.pchome.com.tw/prod/DHAEJA-A900JHJSU
Aspire Lite 16吋AI效能筆電 銀(Ultra5 125H/8+8G/512G/Win11/AL16-71P-50JN),Acer,8GB,512GB,Ultra5 125H,22900,https://24h.pchome.com.tw/prod/DHAEJ0-A900JANL5
Aspire Lite 16吋AI效能筆電(Ultra5-125H/16G/512G/W11/AL16-74P-5985),Acer,16GB,512GB,Ultra5-125H,22900,https://24h.pchome.com.tw/prod/DHAEJA-A900JVGQJ
Aspire Lite 15.6吋 文書筆電(R7-7730U/8G+8G/512G/W11/AL15-49P-R1ZQ),Acer,16GB,512GB,R7-7730U,22900,https://24h.pchome.com.tw/prod/DHAEJ3-A900K0EDT
Aspire Pro 15.6吋商用筆電(R5 7430U/16G/512G/W11P/APRO15-41P-R64G),Acer,80GB,512GB,R5 7430U,22900,https://24h.pchome.com.tw/prod/DHAEGD-A900JN4P0
VivoBook Go E410KA 藍 (N4500/4G/2TB SSD/Win11 S/FHD/14吋)特仕筆電,ASUS,4GB,2048GB,N4500,22900,https://24h.pchome.com.tw/prod/DHAB9G-A900GILWU
Essential 14吋 商用筆電銀色(R5-7530U/8GB/512GB/DOS無系統/245 G10),HP,8GB,512GB,R5-7530U,22900,https://24h.pchome.com.tw/prod/DHAGBN-A900K1R2D
Aspire Lite 15 AL15-61P-R5J1 (Ryzen 7 8840HS/8G+8G/512G/Win11/15.6吋) 筆電,Acer,16GB,512GB,Ryzen 7 8840HS,22900,https://24h.pchome.com.tw/prod/DHABHS-A900J5KXJ
D2RMG-428TW 14吋 C5 輕薄效能筆電,Unknown,Unknown,Unknown,Unknown,22900,https://24h.pchome.com.tw/prod/DHABEB-A900JLTAE
VivoBook 16 X1605VA-0241K13420H 文書筆電 (i5-13420H/8G+4G/512G SSD/W11/16)特仕,ASUS,12GB,512GB,i5-13420H,22900,https://24h.pchome.com.tw/prod/DHABGP-A900IIG1W
Aspire Pro APRO15-41P-R64G 15.6吋 商用筆電 銀(R5-7430U/16G/512G SSD/W11P),Acer,80GB,512GB,R5-7430U,22900,https://24h.pchome.com.tw/prod/DHABGA-A900K4DZ7
IdeaPad SLIM 3i 83K100WDTW 15.3吋 文書筆電 灰(i5-13420H/8G+8G/512G SSD/W11),Lenovo,16GB,512GB,i5-13420H,22990,https://24h.pchome.com.tw/prod/DHABBP-A900JTM34
IdeaPad Slim 3 83K0004NTW 宇宙藍(i7-13620H/8G/512G SSD/14吋WUXGA/W11)效能筆電,Lenovo,8GB,512GB,i7-13620H,22990,https://24h.pchome.com.tw/prod/DHABBO-A900J67PT
IdeaPad Slim 3 月光灰(i7-13620H/8G/512G SSD/14吋WUXGA/W11)效能筆電,Lenovo,8GB,512GB,i7-13620H,22990,https://24h.pchome.com.tw/prod/DHABBO-A900IYDFV
IdeaPad Slim 3 83K100BKTW 宇宙藍(i7-13620H/8G/512G SSD/15.3吋WUXGA/W11)效能筆電,Lenovo,8GB,512GB,i7-13620H,22990,https://24h.pchome.com.tw/prod/DHABBP-A900IYE1Y
IdeaPad Slim 3 月光灰(i7-13620H/8G/512G SSD/15.3吋WUXGA/W11)效能筆電,Lenovo,8GB,512GB,i7-13620H,22990,https://24h.pchome.com.tw/prod/DHABBP-A900IRQUK
【M365組】ACER Aspire Lite 15.6吋效能筆電 銀(R7-7730U/8G/512G/W11/AL15-42P-R9FW),Acer,8GB,512GB,R7-7730U,22999,https://24h.pchome.com.tw/prod/DHAEJ3-1900JFQEK
Vivobook 15 X1504VA-0371B1315U 文書筆電 (i3-1315U/8G/1TB SSD/W11/FHD/15.6)特仕,ASUS,8GB,1024GB,i3-1315U,23100,https://24h.pchome.com.tw/prod/DHABB0-A900ICD4D
VivoBook 15 X1504VA-0611B100U 文書筆電 (Core 3 100U/8G+8G/512G SSD/W11/FHD/15.6)特仕,ASUS,16GB,512GB,Core 3 100U,23400,https://24h.pchome.com.tw/prod/DHABB0-A900JUQZN
【福利品】Surface Laptop4 15吋 (i7/16G/512G) WiFi版 輕薄觸控筆電,Microsoft,16GB,512GB,i7,23800,https://24h.pchome.com.tw/prod/DHAM97-A900JQ1UC
Vivobook 14 X1404VA-0261W1334U 文書筆電 (i5-1334U/8G/1TB SSD/W11/FHD/14)特仕,ASUS,8GB,1024GB,i5-1334U,23888,https://24h.pchome.com.tw/prod/DHABB2-A900IC69B
Vivobook 14 X1404VA-0251B1334U 文書筆電 (i5-1334U/8G/1TB SSD/W11/FHD/14)特仕,ASUS,8GB,1024GB,i5-1334U,23888,https://24h.pchome.com.tw/prod/DHABB2-A900IBQM6
VivoBook 15 X1504VA-0281B120U 文書筆電 (Core 5 120U/8G+8G/512G SSD/W11/15.6)特仕,ASUS,16GB,512GB,Core 5 120U,23890,https://24h.pchome.com.tw/prod/DHABB0-A900II8DZ
V14 Gen5 14吋一年保商務筆電(i3-1315U/8G+8G D5/1TB/FHD/W11/規格升級),Unknown,16GB,1024GB,i3-1315U,23900,https://24h.pchome.com.tw/prod/DHAD7R-A900K3QG4
V14 Gen5 文書商務筆電(i3-1315U/8G+8G/1TB/FHD/W11/14吋/黑/一年保到府維修)特仕,Unknown,16GB,1024GB,i3-1315U,23900,https://24h.pchome.com.tw/prod/DHABH5-A900K3P8R
Aspire Lite 15 AL15-53P-58UB 15.6吋 輕薄筆電 銀(C5-120U/16G+16G/512G SSD/W11)特仕,Acer,32GB,512GB,C5-120U,23900,https://24h.pchome.com.tw/prod/DHABHS-A900K135H
OmniBook3 16吋 效能筆電銀色(Ryzen 3-30/8GB/512GB/WIN11/16-by0026AU),Unknown,8GB,512GB,Unknown,23900,https://24h.pchome.com.tw/prod/DHAGIN-A900K1QVS
Vivobook 15 15.6吋效能筆電藍色(Ryzen 5 150/8GB/512G/WIN11/M1502NAQ-0041B150H),ASUS,8GB,512GB,Ryzen 5 150,23999,https://24h.pchome.com.tw/prod/DHAFQ9-A900K27K3
VivoBook 15 X1502VA-0181B13420H 文書筆電 (i5-13420H/8G/512G SSD/W11/FHD/15.6),ASUS,8GB,512GB,i5-13420H,23999,https://24h.pchome.com.tw/prod/DHABB0-A900ID1ZH
M1502NAQ-0091C150H 15.6吋 R5 輕薄筆電｜赤土色,Unknown,Unknown,Unknown,Unknown,23999,https://24h.pchome.com.tw/prod/DHABEB-A900K1NQP
M1502NAQ-0041B150H 15.6吋 R5 輕薄筆電｜午夜藍,Unknown,Unknown,Unknown,Unknown,23999,https://24h.pchome.com.tw/prod/DHABEB-A900K1NRA
Aspire Lite 15.6吋 效能筆電(Ultra5-125H/16G/512G/Win11/AL15-74P-51ZG),Acer,16GB,512GB,Ultra5-125H,24900,https://24h.pchome.com.tw/prod/DHAEIL-A900K0T3C
Vivobook 15 X1500KA-0441KN6000 文書筆電 (N6000/16G/512G+1TB HDD/W11/15.6)特仕,ASUS,16GB,1024GB,N6000,24900,https://24h.pchome.com.tw/prod/DHABB0-A900IELGY
Vivobook 15 X1500KA-0441KN6000 文書筆電 (N6000/16G/512G+1TB HDD/W11/FHD/15.6)特仕,ASUS,16GB,1024GB,N6000,24900,https://24h.pchome.com.tw/prod/DHABB0-A900HWDDQ
Vivobook 15 X1500KA-0441KN6000 黑 (N6000/16G/512G+1TB SSD/W11/FHD/15.6)特仕筆電,ASUS,16GB,1024GB,N6000,24900,https://24h.pchome.com.tw/prod/DHABB0-A900H2G86
Aspire Lite 16吋 AI效能筆電銀(Ultra5 115U/16G/1TB/W11/AL16-53P-51Y1),Acer,16GB,1024GB,Ultra5 115U,24900,https://24h.pchome.com.tw/prod/DHAEJA-A900J4UH2
Vivobook S14 14吋文書輕薄效能筆電灰色(i5-13420H/8GB+8GB/512GB/WIN11/S3407VA-0052G13420H),ASUS,68GB,512GB,i5-13420H,24999,https://24h.pchome.com.tw/prod/DHAFS4-A900JLITB
Vivobook 17 17.3吋文書效能筆電藍色(Intel Core 5 120U/8GB/512GB/WIN11/X1704VA-0101B120U),ASUS,8GB,512GB,Core 5 120U,24999,https://24h.pchome.com.tw/prod/DHAFPZ-A900JP3P0
Vivobook 15 15.6吋效能筆電藍色(Intel Core 7 150U/8GB+8GB/1TB/WIN11/X1504VA-0601B150U),ASUS,16GB,1024GB,Core 7 150U,24999,https://24h.pchome.com.tw/prod/DHAFS4-1900JVQ5L
Vivobook 15 X1500KA-0391KN6000 黑 (N6000/16G/512G+1TB SSD/W11/FHD/15.6)特仕筆電,ASUS,16GB,1024GB,N6000,25900,https://24h.pchome.com.tw/prod/DHABB0-A900GY0TS
Vivobook 14 14吋文書效能筆電白色(Intel Core 5 320/8GB/512GB/WIN11/X1404MA-0061W320),ASUS,8GB,512GB,Unknown,26999,https://24h.pchome.com.tw/prod/DHAFPQ-A900K1Y4D
Vivobook 14 14吋文書效能筆電藍色(Intel Core 5 320/8GB/512GB/WIN11/X1404MA-0051B320),ASUS,8GB,512GB,Unknown,26999,https://24h.pchome.com.tw/prod/DHAFPQ-A900K1Y2K
Vivobook 15 15.6吋文書效能筆電粉色(Intel Core 5 320/8GB/512GB/WIN11/X1504MA-0061C320),ASUS,8GB,512GB,C320,27999,https://24h.pchome.com.tw/prod/DHAFPQ-A900K1Y0G
Vivobook 15 15.6吋文書效能筆電藍色(Intel Core 5 320/8GB/512GB/WIN11/X1504MA-0031B320),ASUS,8GB,512GB,Unknown,27999,https://24h.pchome.com.tw/prod/DHAFPQ-A900K1Y0E
Vivobook 14 14吋文書效能筆電金色(Ultra 5 225H/16GB/512GB/WIN11/X1407CA-0051D225H),ASUS,16GB,512GB,Ultra 5 225H,28999,https://24h.pchome.com.tw/prod/DHAFSZ-A900JVBGI
